{"stats":{"minecraft:used":{"dannys_expansion:handgun":5,"draconicevolution:chaotic_sword":4,"dannys_expansion:heavy_handgun":7},"minecraft:custom":{"minecraft:jump":101,"minecraft:open_chest":1,"minecraft:time_since_rest":7135,"minecraft:damage_dealt":802,"minecraft:crouch_one_cm":181,"minecraft:walk_on_water_one_cm":106,"minecraft:sprint_one_cm":13484,"minecraft:play_time":7135,"minecraft:damage_taken":100,"minecraft:time_since_death":7135,"minecraft:walk_one_cm":6695,"minecraft:sneak_time":213,"minecraft:climb_one_cm":2560,"minecraft:total_world_time":7135,"minecraft:walk_under_water_one_cm":234,"minecraft:mob_kills":2,"minecraft:fall_one_cm":5591,"minecraft:fly_one_cm":28536,"minecraft:leave_game":1},"minecraft:killed":{"dannys_expansion:mundane_slime":1,"alexsmobs:elephant":1}},"DataVersion":2975}