{"stats":{"minecraft:broken":{"minecraft:golden_boots":1,"minecraft:leather_leggings":1,"minecraft:iron_leggings":1,"toughasnails:water_canteen":1,"minecraft:leather_chestplate":1},"minecraft:custom":{"minecraft:mob_kills":50,"minecraft:interact_with_crafting_table":34,"minecraft:open_barrel":21,"minecraft:damage_dealt_resisted":44,"minecraft:leave_game":2,"minecraft:time_since_death":35168,"minecraft:climb_one_cm":9690,"minecraft:sprint_one_cm":250112,"minecraft:walk_one_cm":453731,"minecraft:damage_blocked_by_shield":931,"minecraft:drop":95,"minecraft:talked_to_villager":2,"minecraft:play_time":173390,"minecraft:deaths":9,"minecraft:sneak_time":9604,"minecraft:walk_under_water_one_cm":20835,"minecraft:boat_one_cm":213015,"minecraft:jump":3049,"minecraft:interact_with_brewingstand":1,"minecraft:walk_on_water_one_cm":23960,"minecraft:total_world_time":173390,"minecraft:interact_with_furnace":4,"tombstone:raider_killed":8,"minecraft:sleep_in_bed":3,"minecraft:time_since_rest":36416,"minecraft:waystone_activated":2,"minecraft:damage_taken":19068,"minecraft:trigger_trapped_chest":14,"minecraft:damage_dealt":15286,"minecraft:swim_one_cm":63456,"minecraft:fly_one_cm":615381,"minecraft:player_kills":1,"minecraft:open_chest":14,"minecraft:crouch_one_cm":21588,"tombstone:undead_killed":19,"minecraft:interact_with_smoker":1,"minecraft:fall_one_cm":114940},"minecraft:used":{"minecraft:beetroot":4,"minecraft:stone_sword":133,"minecraft:iron_bars":1,"minecraft:flint_and_steel":41,"minecraft:chest":1,"minecraft:shield":15,"dannys_expansion:engineering_station":3,"byg:holly_boat":2,"minecraft:rotten_flesh":1,"scalinghealth:heart_crystal":1,"toughasnails:empty_canteen":2,"minecraft:wooden_axe":7,"minecraft:iron_axe":30,"draconicevolution:chaotic_sword":4,"undead_revamp2:huntereye":1,"minecraft:stone_bricks":1,"minecraft:magma_block":2,"minecraft:basalt":2,"minecraft:sweet_berries":5,"minecraft:written_book":1,"create:shaft":3,"dannys_expansion:handgun":190,"tombstone:gift":2,"minecraft:cooked_beef":22,"minecraft:beetroot_soup":2,"minecraft:iron_leggings":1,"minecraft:golden_boots":1,"minecraft:water_bucket":10,"minecraft:leather_leggings":2,"minecraft:stone_pickaxe":39,"minecraft:wooden_pickaxe":12,"minecraft:leather_chestplate":1,"create:cut_deepslate":1,"toughasnails:water_canteen":64,"minecraft:salmon":1,"minecraft:glow_berries":1,"minecraft:rail":1,"minecraft:crafting_table":15,"scalinghealth:cursed_heart":1,"create_sa:zinc_pickaxe":17,"minecraft:crossbow":10,"create_sa:zinc_boots":1,"dannys_expansion:heavy_handgun":7,"quark:cobblestone_vertical_slab":1,"easy_villagers:villager":1,"minecraft:apple":1,"minecraft:bread":34,"minecraft:oak_button":2,"minecraft:map":1,"dannys_expansion:shotgun":2,"tombstone:grave_key":1,"byg:soapstone":10,"minecraft:stone_axe":14,"ecologics:coconut_slice":2,"minecraft:enchanted_book":2,"minecraft:diamond_sword":117,"minecraft:wooden_sword":4,"minecraft:cobblestone":19,"quark:ender_watcher":1,"minecraft:porkchop":3,"minecraft:white_banner":1,"minecraft:bucket":12,"supplementaries:bamboo_spikes":1,"minecraft:pumpkin_pie":1,"create:hand_crank":1},"minecraft:killed_by":{"minecraft:husk":1,"minecraft:player":1,"minecraft:piglin_brute":1,"dannys_expansion:ghoul":1,"alexsmobs:centipede_head":1},"minecraft:crafted":{"minecraft:wooden_sword":1,"minecraft:oak_planks":36,"minecraft:raw_iron":18,"minecraft:furnace":1,"create_sa:zinc_pickaxe":2,"minecraft:flint_and_steel":2,"minecraft:diamond":9,"minecraft:leather":9,"minecraft:iron_axe":1,"tombstone:grave_key":2,"minecraft:stone_pickaxe":1,"create_sa:zinc_helmet":1,"minecraft:oak_button":2,"byg:holly_boat":1,"minecraft:wheat":99,"minecraft:cooked_beef":1,"minecraft:crossbow":1,"create:hand_crank":1,"minecraft:diamond_sword":1,"minecraft:crafting_table":6,"minecraft:spruce_planks":8,"minecraft:wooden_pickaxe":1,"create:brass_ingot":27,"minecraft:bucket":1,"dannys_expansion:engineering_station":1,"minecraft:stone_axe":1,"minecraft:bread":45,"minecraft:air":0,"byg:holly_planks":32,"minecraft:shield":1,"minecraft:stick":20,"minecraft:iron_ingot":18,"minecraft:wooden_axe":1,"minecraft:stone_sword":1,"minecraft:beetroot_soup":2,"create:zinc_ingot":18,"toughasnails:empty_canteen":2,"create_sa:zinc_boots":1,"minecraft:diamond_chestplate":1},"minecraft:mined":{"quark:iron_plate":1,"minecraft:stone_pressure_plate":1,"byg:holly_log":8,"biomesoplenty:bush":1,"minecraft:grass_block":2,"minecraft:potted_bamboo":1,"minecraft:spawner":5,"minecraft:hay_block":9,"minecraft:magma_block":1,"minecraft:raw_iron_block":1,"quark:bonded_leather":1,"minecraft:fire":7,"minecraft:iron_ore":3,"supplementaries:bamboo_spikes":1,"draconicevolution:placed_item":1,"minecraft:diamond_block":1,"byg:allium_flower_bush":1,"minecraft:deepslate_iron_ore":1,"minecraft:iron_bars":4,"minecraft:stone":11,"minecraft:iron_block":2,"dannys_expansion:engineering_station":1,"minecraft:spruce_slab":1,"minecraft:smithing_table":1,"alexsmobs:bison_carpet":1,"minecraft:brown_mushroom":1,"supplementaries:book_pile":1,"minecraft:stone_brick_slab":1,"minecraft:crafting_table":7,"create:cut_deepslate":1,"minecraft:tall_grass":7,"minecraft:cobblestone":2,"byg:holly_berry_leaves":1,"supplementaries:urn":1,"farmersdelight:wild_beetroots":1,"byg:soapstone":10,"ecologics:seashell":1,"minecraft:spruce_log":2,"minecraft:tnt":10,"create:zinc_block":2,"minecraft:copper_block":5,"biomesoplenty:clover":1,"minecraft:grass":15,"minecraft:coal_ore":11,"minecraft:oak_log":9,"minecraft:beetroots":62,"byg:tall_pink_allium":2,"create:brass_block":3,"minecraft:fern":5,"minecraft:oak_leaves":1},"minecraft:picked_up":{"minecraft:crafting_table":7,"byg:soapstone":12,"simplehats:hatbag_rare":1,"minecraft:brown_mushroom":2,"minecraft:smithing_table":1,"byg:tall_pink_allium":2,"ecologics:seashell":1,"minecraft:enchanted_book":1,"minecraft:iron_axe":1,"quark:iron_plate":2,"minecraft:iron_leggings":1,"quark:bonded_leather":1,"minecraft:beetroot":55,"minecraft:beef":1,"dannys_expansion:sandy_clothes":1,"minecraft:written_book":1,"upgrade_aquatic:mulberry":1,"minecraft:iron_boots":1,"minecraft:stick":8,"minecraft:raw_iron":7,"ecologics:coconut_slice":2,"minecraft:torch":1,"minecraft:porkchop":3,"tombstone:grave_dust":4,"minecraft:pointed_dripstone":1,"minecraft:diorite":4,"supplementaries:key":1,"minecraft:stone_pressure_plate":2,"minecraft:diamond_chestplate":1,"minecraft:tnt":10,"minecraft:arrow":7,"dannys_expansion:gel":1,"minecraft:stone_sword":1,"minecraft:rotten_flesh":19,"byg:holly_boat":1,"minecraft:beetroot_seeds":131,"minecraft:pumpkin_pie":3,"minecraft:hay_block":11,"minecraft:iron_block":2,"create:zinc_block":2,"paraglider:horned_statue":1,"minecraft:glow_berries":1,"minecraft:cobblestone":35,"minecraft:iron_bars":3,"undead_revamp2:arapholia":1,"minecraft:white_wool":1,"minecraft:rail":2,"minecraft:magma_block":2,"simplehats:holyhead":1,"minecraft:basalt":2,"minecraft:cooked_beef":21,"minecraft:leather":7,"minecraft:copper_block":5,"alexsmobs:bear_fur":2,"paraglider:spirit_orb":14,"create:brass_block":3,"undead_revamp2:huntereye":1,"minecraft:oak_log":9,"tombstone:gift":1,"minecraft:gunpowder":1,"scalinghealth:heart_crystal":1,"alexsmobs:rocky_shell":1,"minecraft:dirt":3,"minecraft:white_banner":1,"quark:forgotten_hat":1,"minecraft:bone":4,"minecraft:apple":1,"minecraft:stone_bricks":1,"minecraft:wheat_seeds":2,"create:cut_deepslate":1,"minecraft:sweet_berries":4,"dannys_expansion:engineering_station":1,"minecraft:stone_brick_slab":1,"quark:glass_item_frame":1,"minecraft:raw_iron_block":2,"quark:ender_watcher":1,"ecologics:coconut_husk":2,"minecraft:spruce_log":2,"byg:holly_log":8,"minecraft:diamond_block":1,"alexsmobs:bison_carpet":1,"supplementaries:bamboo_spikes":1,"minecraft:slime_ball":5,"quark:cobblestone_vertical_slab":1,"byg:tall_allium":1,"minecraft:iron_helmet":1,"minecraft:crossbow":2,"minecraft:bread":10,"minecraft:emerald":2,"scalinghealth:cursed_heart":2,"minecraft:coal":14,"create:andesite_ladder":1},"minecraft:dropped":{"minecraft:iron_ingot":8,"minecraft:bread":31,"minecraft:wheat_seeds":1,"minecraft:brown_mushroom":1,"upgrade_aquatic:mulberry":1,"minecraft:golden_axe":1,"alexsmobs:rocky_shell":1,"quark:iron_plate":2,"create_sa:zinc_pickaxe":1,"minecraft:rail":1,"quark:glass_item_frame":1,"create:crushed_raw_gold":5,"minecraft:stick":9,"minecraft:dirt":2,"minecraft:diorite":4,"tombstone:grave_key":2,"minecraft:wooden_axe":1,"byg:soapstone":2,"tombstone:grave_dust":2,"minecraft:iron_leggings":1,"minecraft:pumpkin_pie":2,"create:crushed_raw_iron":5,"minecraft:bone":1,"minecraft:stone_axe":1,"toughasnails:empty_canteen":1,"minecraft:stone_sword":1,"minecraft:bowl":2,"tombstone:gift":1,"minecraft:wheat":1,"paraglider:horned_statue":1,"create_sa:zinc_helmet":1,"minecraft:beetroot":39,"minecraft:rotten_flesh":14,"minecraft:iron_boots":1,"alexsmobs:bear_fur":2,"minecraft:filled_map":1,"minecraft:leather_chestplate":1,"minecraft:diamond_chestplate":1,"alexsmobs:bison_carpet":1,"minecraft:spruce_planks":8,"dannys_expansion:sandy_clothes":1,"quark:forgotten_hat":1,"minecraft:beetroot_seeds":131,"ecologics:coconut_husk":2,"minecraft:golden_leggings":1,"minecraft:stone_pressure_plate":2,"minecraft:bamboo":1,"minecraft:iron_bars":2,"minecraft:written_book":1,"create:andesite_alloy":5},"minecraft:killed":{"undead_revamp2:thehunter":2,"alexsmobs:tiger":1,"minecraft:vindicator":5,"undead_revamp2:theswarmer":1,"quark:forgotten":1,"minecraft:skeleton":7,"dannys_expansion:mundane_slime":4,"creeperoverhaul:jungle_creeper":1,"minecraft:drowned":1,"minecraft:piglin_brute":1,"undead_revamp2:sucker":1,"alexsmobs:rocky_roller":4,"minecraft:pig":2,"alexsmobs:grizzly_bear":1,"undead_revamp2:the_moonflower":3,"minecraft:creeper":1,"minecraft:pillager":3,"minecraft:zombie":3,"alexsmobs:elephant":1,"minecraft:cow":6}},"DataVersion":2975}