{"stats":{"minecraft:broken":{"toughasnails:water_canteen":2},"minecraft:custom":{"minecraft:interact_with_anvil":4,"minecraft:mob_kills":41,"minecraft:interact_with_crafting_table":9,"minecraft:open_barrel":22,"minecraft:damage_dealt_resisted":50,"minecraft:leave_game":2,"minecraft:time_since_death":34965,"minecraft:climb_one_cm":9795,"minecraft:damage_resisted":1261,"minecraft:sprint_one_cm":333933,"minecraft:damage_blocked_by_shield":757,"minecraft:walk_one_cm":527908,"minecraft:drop":98,"minecraft:talked_to_villager":7,"minecraft:play_time":158148,"minecraft:deaths":8,"minecraft:sneak_time":11868,"minecraft:walk_under_water_one_cm":26898,"minecraft:boat_one_cm":355578,"minecraft:jump":3269,"minecraft:walk_on_water_one_cm":38524,"minecraft:total_world_time":158148,"minecraft:interact_with_furnace":1,"tombstone:raider_killed":7,"minecraft:sleep_in_bed":2,"minecraft:time_since_rest":34998,"minecraft:waystone_activated":1,"minecraft:damage_taken":14516,"minecraft:damage_absorbed":40,"minecraft:trigger_trapped_chest":7,"minecraft:damage_dealt":10306,"minecraft:swim_one_cm":54009,"minecraft:player_kills":1,"minecraft:fly_one_cm":667819,"minecraft:open_chest":32,"minecraft:crouch_one_cm":29776,"tombstone:undead_killed":21,"minecraft:fall_one_cm":109595,"minecraft:inspect_dispenser":3},"minecraft:used":{"majruszsdifficulty:enderium_sword":45,"minecraft:moss_carpet":1,"minecraft:iron_bars":2,"minecraft:flint_and_steel":5,"minecraft:shield":20,"minecraft:iron_sword":42,"minecraft:cooked_chicken":18,"minecraft:dirt":8,"minecraft:anvil":1,"scalinghealth:heart_crystal":2,"alexsmobs:moose_ribs":3,"toughasnails:empty_canteen":2,"minecraft:diamond_helmet":1,"byg:palm_boat":1,"minecraft:wooden_axe":5,"paraglider:horned_statue":1,"minecraft:spruce_button":4,"minecraft:magma_block":1,"byg:holly_planks":10,"minecraft:written_book":1,"create:shaft":1,"tombstone:gift":4,"quark:dripstone_block_vertical_slab":1,"create:cut_tuff":1,"minecraft:pointed_dripstone":1,"minecraft:golden_axe":16,"byg:pink_allium_flower_bush":1,"minecraft:diorite":8,"minecraft:blue_bed":1,"create:cut_deepslate":3,"toughasnails:water_canteen":33,"minecraft:golden_apple":1,"quark:azalea_planks":19,"minecraft:crafting_table":2,"create_sa:zinc_pickaxe":3,"minecraft:crossbow":17,"quark:cobblestone_vertical_slab":1,"minecraft:apple":6,"minecraft:bread":33,"minecraft:iron_pickaxe":125,"tombstone:magic_scroll":1,"quark:red_corundum":9,"tombstone:grave_key":1,"minecraft:golden_leggings":1,"minecraft:golden_helmet":1,"minecraft:stone_axe":6,"minecraft:enchanted_book":1,"minecraft:diamond_sword":52,"minecraft:cobblestone":5,"quark:ender_watcher":1,"minecraft:porkchop":4},"minecraft:killed_by":{"minecraft:husk":1,"minecraft:player":1,"quark:forgotten":2,"alexsmobs:centipede_head":2},"minecraft:crafted":{"tombstone:grave_key":1,"byg:palm_boat":1,"quark:azalea_planks":20,"minecraft:diamond_sword":1,"byg:palm_planks":8,"byg:holly_planks":16,"minecraft:shield":1,"minecraft:diamond_chestplate":1},"minecraft:mined":{"create:cut_tuff":1,"byg:clover_patch":1,"minecraft:dark_oak_log":2,"byg:holly_log":4,"minecraft:grass_block":11,"minecraft:stone_brick_wall":1,"minecraft:white_stained_glass":1,"minecraft:light_gray_bed":1,"minecraft:spruce_leaves":3,"minecraft:spawner":6,"minecraft:magma_block":2,"minecraft:raw_iron_block":1,"minecraft:cobbled_deepslate":1,"minecraft:fire":14,"minecraft:iron_ore":2,"minecraft:acacia_wood":1,"quark:dripstone_block_vertical_slab":1,"minecraft:moss_carpet":1,"quark:azalea_wood":5,"quark:polished_jasper":1,"minecraft:vine":3,"minecraft:deepslate_iron_ore":3,"minecraft:rail":1,"minecraft:iron_bars":2,"minecraft:azalea_leaves":2,"minecraft:stone":34,"minecraft:podzol":1,"quark:ender_watcher":2,"create:cut_dripstone_slab":1,"minecraft:comparator":1,"quark:cobblestone_vertical_slab":2,"minecraft:basalt":6,"minecraft:stone_brick_slab":1,"minecraft:spruce_button":4,"minecraft:calcite":1,"create:cut_deepslate":3,"minecraft:diorite":12,"minecraft:iron_door":1,"minecraft:blue_bed":1,"minecraft:stone_stairs":1,"minecraft:coarse_dirt":1,"byg:soapstone":5,"byg:palm_log":2,"paraglider:horned_statue":2,"minecraft:birch_leaves":2,"minecraft:grass":7,"minecraft:coal_ore":3,"minecraft:dirt":1,"minecraft:gravel":1,"quark:stone_vertical_slab":2,"minecraft:stone_bricks":1,"minecraft:tripwire_hook":1,"byg:tall_allium":1,"minecraft:oak_leaves":9,"minecraft:deepslate_emerald_ore":1,"minecraft:fern":3,"minecraft:deepslate":1},"minecraft:picked_up":{"minecraft:wooden_axe":2,"quark:stone_vertical_slab":1,"minecraft:coarse_dirt":1,"minecraft:wheat":3,"simplehats:hatbag_rare":1,"minecraft:flower_pot":1,"simplehats:fakefire":1,"minecraft:stone_brick_wall":1,"minecraft:enchanted_book":7,"minecraft:moss_carpet":1,"minecraft:stone_stairs":1,"minecraft:iron_axe":1,"minecraft:iron_leggings":1,"minecraft:beetroot":39,"minecraft:cobbled_deepslate":1,"byg:pink_allium_flower_bush":1,"dannys_expansion:sandy_clothes":2,"minecraft:written_book":3,"upgrade_aquatic:mulberry":1,"minecraft:iron_boots":1,"minecraft:stick":5,"minecraft:raw_iron":5,"simplehats:hatbag_common":1,"minecraft:torch":1,"minecraft:porkchop":4,"minecraft:golden_axe":2,"minecraft:pointed_dripstone":5,"tombstone:grave_dust":8,"minecraft:diorite":8,"create_sa:zinc_pickaxe":1,"minecraft:carrot":3,"create:cut_tuff":1,"toughasnails:empty_canteen":1,"minecraft:diamond_chestplate":1,"minecraft:arrow":31,"minecraft:rotten_flesh":37,"minecraft:pumpkin_pie":1,"minecraft:gold_ingot":4,"create:zinc_block":1,"byg:palm_log":2,"paraglider:horned_statue":2,"minecraft:mutton":2,"minecraft:iron_bars":2,"minecraft:white_wool":1,"minecraft:cobblestone":6,"minecraft:magma_block":1,"minecraft:feather":1,"minecraft:leather_chestplate":1,"minecraft:cooked_beef":1,"minecraft:basalt":4,"minecraft:iron_door":1,"minecraft:acacia_wood":3,"create_sa:heap_of_experience":1,"quark:dripstone_block_vertical_slab":1,"paraglider:spirit_orb":8,"minecraft:tuff":4,"quark:blossom_button":2,"minecraft:gunpowder":1,"scalinghealth:heart_crystal":2,"simplehats:beaniergb":1,"alexsmobs:rocky_shell":1,"minecraft:blue_bed":1,"minecraft:dirt":13,"tombstone:gift":1,"minecraft:white_banner":1,"quark:forgotten_hat":2,"simplehats:hatbag_epic":1,"minecraft:bone":29,"minecraft:apple":1,"minecraft:stone_bricks":1,"minecraft:bow":1,"minecraft:wheat_seeds":2,"byg:allium_flower_bush":2,"minecraft:iron_ingot":10,"minecraft:oak_fence_gate":2,"scalinghealth:power_crystal_shard":5,"create:cut_deepslate":3,"minecraft:bamboo":1,"minecraft:iron_sword":2,"quark:azalea_wood":5,"quark:white_shard":2,"minecraft:sweet_berries":2,"minecraft:stone_brick_slab":1,"quark:glass_item_frame":1,"minecraft:gravel":1,"quark:ender_watcher":1,"byg:holly_log":4,"minecraft:dark_oak_log":1,"alexsmobs:animal_dictionary":1,"create_sa:zinc_helmet":1,"minecraft:bundle":1,"create:cut_dripstone_slab":1,"minecraft:slime_ball":10,"simplehats:rubbernipple":1,"minecraft:stone_axe":1,"quark:cobblestone_vertical_slab":2,"byg:tall_allium":1,"quark:music_disc_clock":1,"minecraft:crossbow":1,"minecraft:gray_wool":1,"minecraft:spruce_button":4,"alexsmobs:moose_ribs":3,"minecraft:emerald":1,"minecraft:bread":35,"tombstone:magic_scroll":1,"minecraft:oak_sapling":1},"minecraft:dropped":{"minecraft:enchanted_book":5,"byg:biomepedia":1,"minecraft:bread":16,"minecraft:acacia_wood":3,"minecraft:wheat_seeds":2,"minecraft:cooked_beef":1,"minecraft:iron_helmet":1,"minecraft:feather":1,"minecraft:crossbow":1,"byg:allium_flower_bush":2,"minecraft:golden_axe":2,"minecraft:cobblestone":1,"alexsmobs:rocky_shell":1,"minecraft:apple":1,"quark:glass_item_frame":1,"paraglider:spirit_orb":2,"minecraft:stick":4,"minecraft:gray_wool":1,"minecraft:torch":1,"tombstone:grave_key":5,"minecraft:wooden_axe":1,"tombstone:grave_dust":7,"minecraft:iron_leggings":1,"minecraft:iron_axe":1,"minecraft:iron_shovel":1,"minecraft:string":1,"minecraft:white_wool":1,"minecraft:gold_ingot":4,"minecraft:bone":24,"minecraft:sweet_berries":2,"create:zinc_block":1,"alexsmobs:animal_dictionary":2,"tombstone:gift":1,"minecraft:tuff":4,"minecraft:pointed_dripstone":4,"minecraft:wheat":3,"minecraft:beetroot":39,"minecraft:rotten_flesh":18,"minecraft:iron_boots":1,"quark:white_shard":2,"quark:cobblestone_vertical_slab":1,"scalinghealth:power_crystal_shard":5,"create_sa:heap_of_experience":1,"minecraft:carrot":2,"patchouli:guide_book":1,"quark:music_disc_clock":2,"minecraft:oak_fence_gate":1,"minecraft:flower_pot":1,"minecraft:gunpowder":1,"minecraft:diamond_chestplate":1,"minecraft:bundle":1,"dannys_expansion:sandy_clothes":1,"minecraft:stone_brick_wall":1,"quark:forgotten_hat":2,"minecraft:oak_sapling":1,"minecraft:stone_bricks":1,"minecraft:slime_ball":10,"minecraft:bow":1,"minecraft:written_book":1},"minecraft:killed":{"undead_revamp2:thehunter":1,"minecraft:vindicator":2,"undead_revamp2:clogger":1,"undead_revamp2:thesmoker":1,"quark:forgotten":3,"minecraft:skeleton":5,"dannys_expansion:ice_elemental":1,"undead_revamp2:sucker":1,"undead_revamp2:thespitter":2,"alexsmobs:rocky_roller":1,"minecraft:husk":3,"minecraft:pig":2,"minecraft:zombie_villager":1,"undead_revamp2:the_moonflower":1,"minecraft:pillager":5,"minecraft:zombie":3,"alexsmobs:terrapin":1,"alexsmobs:toucan":1}},"DataVersion":2975}