{
  "idas:idas_root": {
    "criteria": {
      "always": "2024-05-14 03:39:09 +0000"
    },
    "done": true
  },
  "betterdungeons:root": {
    "criteria": {
      "always": "2024-05-14 03:39:09 +0000"
    },
    "done": true
  },
  "idas:wizardtower": {
    "criteria": {
      "in_wizardtower": "2024-05-14 03:42:46 +0000"
    },
    "done": true
  },
  "create:wrench_goggles": {
    "criteria": {
      "1": "2024-05-15 01:55:28 +0000"
    },
    "done": false
  },
  "farmersdelight:main/plant_all_crops": {
    "criteria": {
      "sweet_berries": "2024-05-15 03:06:39 +0000"
    },
    "done": false
  },
  "minecraft:adventure/kill_a_mob": {
    "criteria": {
      "minecraft:pillager": "2024-05-15 02:17:23 +0000"
    },
    "done": true
  },
  "obscure_api:recipes/obscure_book": {
    "criteria": {
      "has_item": "2024-05-15 01:54:18 +0000"
    },
    "done": true
  },
  "byg:root": {
    "criteria": {
      "tick": "2024-05-14 03:39:09 +0000"
    },
    "done": true
  },
  "tombstone:adventure/ashes_and_bones": {
    "criteria": {
      "coded_trigger": "2024-05-15 03:04:30 +0000"
    },
    "done": true
  },
  "minecraft:story/obtain_armor": {
    "criteria": {
      "iron_leggings": "2024-05-15 03:00:47 +0000"
    },
    "done": true
  },
  "create:andesite_alloy": {
    "criteria": {
      "0": "2024-05-15 02:26:17 +0000"
    },
    "done": true
  },
  "tombstone:recipes/from_grave_dust": {
    "criteria": {
      "has_ingredient": "2024-05-15 02:33:25 +0000"
    },
    "done": true
  },
  "minecraft:adventure/ol_betsy": {
    "criteria": {
      "shot_crossbow": "2024-05-15 02:19:14 +0000"
    },
    "done": true
  },
  "biomesoplenty:biomesoplenty/all_biomes": {
    "criteria": {
      "woodland": "2024-05-15 01:51:15 +0000",
      "shrubland": "2024-05-15 02:01:15 +0000",
      "fungal_jungle": "2024-05-15 03:42:40 +0000",
      "clover_patch": "2024-05-15 03:30:44 +0000",
      "old_growth_woodland": "2024-05-15 01:49:19 +0000",
      "field": "2024-05-15 03:51:03 +0000",
      "mediterranean_forest": "2024-05-14 03:39:09 +0000",
      "redwood_forest": "2024-05-15 02:42:11 +0000",
      "cherry_blossom_grove": "2024-05-15 03:01:18 +0000",
      "rocky_rainforest": "2024-05-15 03:24:58 +0000",
      "lavender_field": "2024-05-15 02:40:21 +0000",
      "grassland": "2024-05-15 03:01:46 +0000",
      "rainforest": "2024-05-15 03:25:40 +0000"
    },
    "done": false
  },
  "minecraft:story/mine_stone": {
    "criteria": {
      "get_stone": "2024-05-15 01:58:43 +0000"
    },
    "done": true
  },
  "majruszsdifficulty:progressive_difficulty/normal_mode": {
    "criteria": {
      "game_state": "2024-05-14 03:39:09 +0000"
    },
    "done": true
  },
  "majruszsdifficulty:progressive_difficulty/bleeding_inflicted": {
    "criteria": {
      "bleeding_applied": "2024-05-15 02:01:39 +0000"
    },
    "done": true
  },
  "undead_revamp2:theundeadchallenges": {
    "criteria": {
      "theundeadchallenges": "2024-05-14 03:39:09 +0000"
    },
    "done": true
  },
  "alexsmobs:alexsmobs/grizzly_bear": {
    "criteria": {
      "killed_by": "2024-05-15 02:03:29 +0000"
    },
    "done": true
  },
  "minecraft:adventure/adventuring_time": {
    "criteria": {
      "minecraft:old_growth_pine_taiga": "2024-05-15 03:16:31 +0000",
      "minecraft:taiga": "2024-05-15 03:51:25 +0000",
      "minecraft:beach": "2024-05-15 01:51:49 +0000",
      "minecraft:sparse_jungle": "2024-05-15 03:27:14 +0000",
      "minecraft:river": "2024-05-15 01:51:12 +0000",
      "minecraft:snowy_taiga": "2024-05-15 03:54:49 +0000",
      "minecraft:dripstone_caves": "2024-05-15 02:29:24 +0000",
      "minecraft:cold_ocean": "2024-05-15 03:49:25 +0000",
      "minecraft:forest": "2024-05-15 01:54:34 +0000",
      "minecraft:deep_cold_ocean": "2024-05-15 03:48:07 +0000",
      "minecraft:old_growth_spruce_taiga": "2024-05-15 03:51:26 +0000",
      "minecraft:snowy_beach": "2024-05-15 04:01:28 +0000",
      "minecraft:old_growth_birch_forest": "2024-05-15 03:11:05 +0000",
      "minecraft:meadow": "2024-05-15 02:21:54 +0000",
      "minecraft:savanna": "2024-05-15 01:54:00 +0000",
      "minecraft:plains": "2024-05-14 03:42:41 +0000"
    },
    "done": false
  },
  "byg:husbandry/root": {
    "criteria": {
      "consumed_item": "2024-05-15 01:53:17 +0000"
    },
    "done": true
  },
  "minecraft:adventure/sleep_in_bed": {
    "criteria": {
      "slept_in_bed": "2024-05-15 02:07:21 +0000"
    },
    "done": true
  },
  "aquamirae:adventure/root": {
    "criteria": {
      "crafting_table": "2024-05-15 01:54:18 +0000"
    },
    "done": true
  },
  "minecraft:husbandry/root": {
    "criteria": {
      "consumed_item": "2024-05-15 01:53:17 +0000"
    },
    "done": true
  },
  "minecraft:story/shiny_gear": {
    "criteria": {
      "diamond_chestplate": "2024-05-15 03:02:59 +0000"
    },
    "done": true
  },
  "idas:ancient_mines": {
    "criteria": {
      "in_ancient_mines": "2024-05-15 02:22:12 +0000"
    },
    "done": true
  },
  "tombstone:adventure/easy_opening": {
    "criteria": {
      "coded_trigger": "2024-05-15 02:33:20 +0000"
    },
    "done": true
  },
  "alexsmobs:alexsmobs/rocky_shell": {
    "criteria": {
      "soul_heart": "2024-05-15 02:50:30 +0000"
    },
    "done": true
  },
  "minecraft:adventure/root": {
    "criteria": {
      "killed_something": "2024-05-14 03:43:56 +0000"
    },
    "done": true
  },
  "mowziesmobs:root": {
    "criteria": {
      "custom_test_name": "2024-05-14 03:39:09 +0000"
    },
    "done": true
  },
  "dungeons_arise:find_illager_corsair_or_illager_galley": {
    "criteria": {
      "location1": "2024-05-15 03:50:28 +0000"
    },
    "done": true
  },
  "tombstone:adventure/cancel_ghostly_shape": {
    "criteria": {
      "coded_trigger": "2024-05-15 02:31:54 +0000"
    },
    "done": true
  },
  "minecraft:story/deflect_arrow": {
    "criteria": {
      "deflected_projectile": "2024-05-15 03:07:06 +0000"
    },
    "done": true
  },
  "minecraft:adventure/shoot_arrow": {
    "criteria": {
      "shot_arrow": "2024-05-15 02:19:14 +0000"
    },
    "done": true
  },
  "dungeons_arise:find_abandoned_temple": {
    "criteria": {
      "location0": "2024-05-15 03:02:23 +0000"
    },
    "done": true
  },
  "farmersdelight:main/root": {
    "criteria": {
      "seeds": "2024-05-14 03:39:09 +0000"
    },
    "done": true
  },
  "tombstone:adventure/enchant_grave_key": {
    "criteria": {
      "has_upgraded_grave_key": "2024-05-15 03:12:00 +0000"
    },
    "done": true
  },
  "tombstone:adventure/root": {
    "criteria": {
      "auto": "2024-05-14 03:39:09 +0000"
    },
    "done": true
  },
  "cataclysm:root": {
    "criteria": {
      "custom_test_name": "2024-05-14 03:39:09 +0000"
    },
    "done": true
  },
  "minecraft:adventure/kill_all_mobs": {
    "criteria": {
      "minecraft:pillager": "2024-05-15 02:17:23 +0000",
      "minecraft:skeleton": "2024-05-15 03:01:53 +0000",
      "minecraft:vindicator": "2024-05-15 03:18:18 +0000",
      "minecraft:piglin_brute": "2024-05-15 03:11:11 +0000",
      "minecraft:creeper": "2024-05-15 02:56:31 +0000",
      "minecraft:zombie": "2024-05-15 02:20:25 +0000",
      "minecraft:drowned": "2024-05-15 03:46:06 +0000"
    },
    "done": false
  },
  "tombstone:adventure/find_grave_dust": {
    "criteria": {
      "from_undead": "2024-05-15 01:58:59 +0000"
    },
    "done": true
  },
  "paraglider:pray_to_the_goddess": {
    "criteria": {
      "bargain": "2024-05-15 03:01:29 +0000"
    },
    "done": true
  },
  "dungeons_arise:wda_root": {
    "criteria": {
      "WDA": "2024-05-14 03:39:09 +0000"
    },
    "done": true
  },
  "dungeons_arise:find_mushroom_village": {
    "criteria": {
      "location0": "2024-05-14 03:39:09 +0000"
    },
    "done": true
  },
  "minecraft:husbandry/balanced_diet": {
    "criteria": {
      "cooked_beef": "2024-05-15 01:55:57 +0000",
      "porkchop": "2024-05-15 02:05:15 +0000",
      "glow_berries": "2024-05-15 02:59:49 +0000",
      "salmon": "2024-05-15 02:04:04 +0000",
      "sweet_berries": "2024-05-15 03:06:22 +0000",
      "beetroot_soup": "2024-05-15 03:19:53 +0000",
      "apple": "2024-05-15 03:06:31 +0000",
      "pumpkin_pie": "2024-05-15 02:07:02 +0000",
      "bread": "2024-05-15 02:11:48 +0000",
      "rotten_flesh": "2024-05-15 03:06:46 +0000",
      "beetroot": "2024-05-15 03:19:21 +0000"
    },
    "done": false
  },
  "idas:tinkers_workshop": {
    "criteria": {
      "in_tinkers_workshop": "2024-05-15 02:42:11 +0000"
    },
    "done": true
  },
  "tombstone:recipes/from_grave_key": {
    "criteria": {
      "has_ingredient": "2024-05-15 01:43:34 +0000"
    },
    "done": true
  },
  "tombstone:adventure/teleport_to_grave": {
    "criteria": {
      "coded_trigger": "2024-05-15 03:12:04 +0000"
    },
    "done": true
  },
  "parcool:grant_parcool_guide": {
    "criteria": {
      "tick": "2024-05-14 03:39:09 +0000"
    },
    "done": true
  },
  "create:brass": {
    "criteria": {
      "0": "2024-05-15 03:00:14 +0000"
    },
    "done": true
  },
  "biomesoplenty:biomesoplenty/root": {
    "criteria": {
      "mediterranean_forest": "2024-05-14 03:39:09 +0000"
    },
    "done": true
  },
  "minecraft:adventure/voluntary_exile": {
    "criteria": {
      "voluntary_exile": "2024-05-15 02:17:23 +0000"
    },
    "done": true
  },
  "alexsmobs:alexsmobs/rocky_roller": {
    "criteria": {
      "killed_by": "2024-05-15 02:49:47 +0000"
    },
    "done": true
  },
  "create:root": {
    "criteria": {
      "0": "2024-05-14 03:39:09 +0000"
    },
    "done": true
  },
  "tombstone:adventure/first_knowledge": {
    "criteria": {
      "coded_trigger": "2024-05-15 02:17:05 +0000"
    },
    "done": true
  },
  "minecraft:story/mine_diamond": {
    "criteria": {
      "diamond": "2024-05-15 02:58:22 +0000"
    },
    "done": true
  },
  "minecraft:story/upgrade_tools": {
    "criteria": {
      "stone_pickaxe": "2024-05-15 01:59:51 +0000"
    },
    "done": true
  },
  "tombstone:adventure/first_grave": {
    "criteria": {
      "coded_trigger": "2024-05-15 01:43:32 +0000"
    },
    "done": true
  },
  "minecraft:story/root": {
    "criteria": {
      "crafting_table": "2024-05-15 01:54:18 +0000"
    },
    "done": true
  },
  "byg:biomepedia_gift": {
    "criteria": {
      "tick": "2024-05-14 03:39:09 +0000"
    },
    "done": true
  },
  "farmersdelight:main/eat_comfort_food": {
    "criteria": {
      "comfort": "2024-05-15 03:19:53 +0000"
    },
    "done": true
  },
  "minecraft:story/smelt_iron": {
    "criteria": {
      "iron": "2024-05-15 03:00:11 +0000"
    },
    "done": true
  },
  "supplementaries:adventure/way_sign": {
    "criteria": {
      "way_sign": "2024-05-15 01:54:51 +0000"
    },
    "done": true
  },
  "paraglider:root": {
    "criteria": {
      "crafting_table": "2024-05-15 01:54:18 +0000"
    },
    "done": true
  },
  "majruszsdifficulty:progressive_difficulty/bleeding": {
    "criteria": {
      "bleeding_applied": "2024-05-15 02:30:56 +0000"
    },
    "done": true
  },
  "minecraft:story/form_obsidian": {
    "criteria": {
      "obsidian": "2024-05-15 03:07:15 +0000"
    },
    "done": true
  },
  "dungeons_arise:find_typhon": {
    "criteria": {
      "location0": "2024-05-15 03:52:51 +0000"
    },
    "done": true
  },
  "tombstone:adventure/ambush": {
    "criteria": {
      "coded_trigger": "2024-05-15 02:17:05 +0000"
    },
    "done": true
  },
  "DataVersion": 2975
}