{
  "idas:idas_root": {
    "criteria": {
      "always": "2024-05-15 01:48:57 +0000"
    },
    "done": true
  },
  "alexsmobs:alexsmobs/crocodile": {
    "criteria": {
      "killed_by": "2024-05-15 01:52:39 +0000"
    },
    "done": true
  },
  "betterdungeons:root": {
    "criteria": {
      "always": "2024-05-15 01:48:57 +0000"
    },
    "done": true
  },
  "minecraft:adventure/kill_a_mob": {
    "criteria": {
      "minecraft:vindicator": "2024-05-15 02:16:27 +0000"
    },
    "done": true
  },
  "obscure_api:recipes/obscure_book": {
    "criteria": {
      "has_item": "2024-05-15 03:33:03 +0000"
    },
    "done": true
  },
  "byg:root": {
    "criteria": {
      "tick": "2024-05-15 01:48:57 +0000"
    },
    "done": true
  },
  "tombstone:adventure/ashes_and_bones": {
    "criteria": {
      "coded_trigger": "2024-05-15 03:33:36 +0000"
    },
    "done": true
  },
  "minecraft:story/obtain_armor": {
    "criteria": {
      "iron_helmet": "2024-05-15 03:02:39 +0000"
    },
    "done": true
  },
  "tombstone:recipes/from_grave_dust": {
    "criteria": {
      "has_ingredient": "2024-05-15 02:37:04 +0000"
    },
    "done": true
  },
  "minecraft:adventure/ol_betsy": {
    "criteria": {
      "shot_crossbow": "2024-05-15 02:18:18 +0000"
    },
    "done": true
  },
  "biomesoplenty:biomesoplenty/all_biomes": {
    "criteria": {
      "woodland": "2024-05-15 01:50:51 +0000",
      "shrubland": "2024-05-15 02:01:00 +0000",
      "clover_patch": "2024-05-15 03:00:47 +0000",
      "old_growth_woodland": "2024-05-15 01:50:15 +0000",
      "field": "2024-05-15 03:50:59 +0000",
      "mediterranean_forest": "2024-05-15 01:48:57 +0000",
      "redwood_forest": "2024-05-15 02:39:06 +0000",
      "cherry_blossom_grove": "2024-05-15 03:01:03 +0000",
      "dune_beach": "2024-05-15 03:40:27 +0000",
      "rocky_rainforest": "2024-05-15 03:24:59 +0000",
      "lavender_field": "2024-05-15 02:40:07 +0000",
      "grassland": "2024-05-15 03:01:43 +0000",
      "rainforest": "2024-05-15 03:25:38 +0000"
    },
    "done": false
  },
  "minecraft:story/mine_stone": {
    "criteria": {
      "get_stone": "2024-05-15 02:01:58 +0000"
    },
    "done": true
  },
  "majruszsdifficulty:progressive_difficulty/normal_mode": {
    "criteria": {
      "game_state": "2024-05-15 01:48:57 +0000"
    },
    "done": true
  },
  "majruszsdifficulty:progressive_difficulty/bleeding_inflicted": {
    "criteria": {
      "bleeding_applied": "2024-05-15 02:16:26 +0000"
    },
    "done": true
  },
  "undead_revamp2:theundeadchallenges": {
    "criteria": {
      "theundeadchallenges": "2024-05-15 01:48:57 +0000"
    },
    "done": true
  },
  "alexsmobs:alexsmobs/grizzly_bear": {
    "criteria": {
      "killed_by": "2024-05-15 02:03:23 +0000"
    },
    "done": true
  },
  "minecraft:adventure/adventuring_time": {
    "criteria": {
      "minecraft:taiga": "2024-05-15 03:51:23 +0000",
      "minecraft:deep_ocean": "2024-05-15 03:45:35 +0000",
      "minecraft:sunflower_plains": "2024-05-15 03:13:19 +0000",
      "minecraft:birch_forest": "2024-05-15 03:18:20 +0000",
      "minecraft:beach": "2024-05-15 01:51:20 +0000",
      "minecraft:sparse_jungle": "2024-05-15 03:27:10 +0000",
      "minecraft:river": "2024-05-15 01:50:48 +0000",
      "minecraft:lukewarm_ocean": "2024-05-15 03:40:34 +0000",
      "minecraft:dripstone_caves": "2024-05-15 02:29:18 +0000",
      "minecraft:snowy_taiga": "2024-05-15 03:54:45 +0000",
      "minecraft:cold_ocean": "2024-05-15 03:46:29 +0000",
      "minecraft:forest": "2024-05-15 01:54:23 +0000",
      "minecraft:deep_cold_ocean": "2024-05-15 03:47:56 +0000",
      "minecraft:ocean": "2024-05-15 03:39:47 +0000",
      "minecraft:old_growth_spruce_taiga": "2024-05-15 03:51:24 +0000",
      "minecraft:snowy_beach": "2024-05-15 03:52:50 +0000",
      "minecraft:flower_forest": "2024-05-15 03:13:58 +0000",
      "minecraft:old_growth_birch_forest": "2024-05-15 03:09:50 +0000",
      "minecraft:meadow": "2024-05-15 02:21:33 +0000",
      "minecraft:savanna": "2024-05-15 01:53:37 +0000",
      "minecraft:plains": "2024-05-15 02:39:32 +0000"
    },
    "done": false
  },
  "byg:husbandry/root": {
    "criteria": {
      "consumed_item": "2024-05-15 01:54:38 +0000"
    },
    "done": true
  },
  "minecraft:adventure/sleep_in_bed": {
    "criteria": {
      "slept_in_bed": "2024-05-15 02:07:26 +0000"
    },
    "done": true
  },
  "aquamirae:adventure/root": {
    "criteria": {
      "crafting_table": "2024-05-15 03:33:03 +0000"
    },
    "done": true
  },
  "minecraft:husbandry/root": {
    "criteria": {
      "consumed_item": "2024-05-15 01:54:38 +0000"
    },
    "done": true
  },
  "minecraft:story/shiny_gear": {
    "criteria": {
      "diamond_helmet": "2024-05-15 02:36:00 +0000"
    },
    "done": true
  },
  "idas:ancient_mines": {
    "criteria": {
      "in_ancient_mines": "2024-05-15 02:21:57 +0000"
    },
    "done": true
  },
  "tombstone:adventure/easy_opening": {
    "criteria": {
      "coded_trigger": "2024-05-15 03:33:15 +0000"
    },
    "done": true
  },
  "alexsmobs:alexsmobs/rocky_shell": {
    "criteria": {
      "soul_heart": "2024-05-15 02:50:48 +0000"
    },
    "done": true
  },
  "minecraft:adventure/root": {
    "criteria": {
      "killed_something": "2024-05-15 01:54:22 +0000"
    },
    "done": true
  },
  "mowziesmobs:root": {
    "criteria": {
      "custom_test_name": "2024-05-15 01:48:57 +0000"
    },
    "done": true
  },
  "dungeons_arise:find_illager_corsair_or_illager_galley": {
    "criteria": {
      "location1": "2024-05-15 03:50:27 +0000"
    },
    "done": true
  },
  "tombstone:adventure/cancel_ghostly_shape": {
    "criteria": {
      "coded_trigger": "2024-05-15 02:36:08 +0000"
    },
    "done": true
  },
  "minecraft:adventure/shoot_arrow": {
    "criteria": {
      "shot_arrow": "2024-05-15 02:18:18 +0000"
    },
    "done": true
  },
  "minecraft:story/deflect_arrow": {
    "criteria": {
      "deflected_projectile": "2024-05-15 03:06:56 +0000"
    },
    "done": true
  },
  "dungeons_arise:find_abandoned_temple": {
    "criteria": {
      "location0": "2024-05-15 03:02:22 +0000"
    },
    "done": true
  },
  "farmersdelight:main/root": {
    "criteria": {
      "seeds": "2024-05-15 01:48:57 +0000"
    },
    "done": true
  },
  "tombstone:adventure/enchant_grave_key": {
    "criteria": {
      "has_upgraded_grave_key": "2024-05-15 03:33:07 +0000"
    },
    "done": true
  },
  "tombstone:adventure/root": {
    "criteria": {
      "auto": "2024-05-15 01:48:57 +0000"
    },
    "done": true
  },
  "cataclysm:root": {
    "criteria": {
      "custom_test_name": "2024-05-15 01:48:57 +0000"
    },
    "done": true
  },
  "minecraft:adventure/kill_all_mobs": {
    "criteria": {
      "minecraft:pillager": "2024-05-15 02:16:42 +0000",
      "minecraft:skeleton": "2024-05-15 03:04:39 +0000",
      "minecraft:vindicator": "2024-05-15 02:16:27 +0000",
      "minecraft:piglin_brute": "2024-05-15 03:11:16 +0000",
      "minecraft:husk": "2024-05-15 03:33:36 +0000",
      "minecraft:zombie": "2024-05-15 03:02:34 +0000",
      "minecraft:zombie_villager": "2024-05-15 03:25:15 +0000"
    },
    "done": false
  },
  "tombstone:adventure/chain_death": {
    "criteria": {
      "coded_trigger": "2024-05-15 02:55:21 +0000"
    },
    "done": true
  },
  "tombstone:adventure/find_grave_dust": {
    "criteria": {
      "from_undead": "2024-05-15 02:55:53 +0000"
    },
    "done": true
  },
  "dungeons_arise:wda_root": {
    "criteria": {
      "WDA": "2024-05-15 01:48:57 +0000"
    },
    "done": true
  },
  "idas:fishermans_lodge": {
    "criteria": {
      "in_fishermans_lodge": "2024-05-15 03:19:20 +0000"
    },
    "done": true
  },
  "dungeons_arise:find_mushroom_village": {
    "criteria": {
      "location0": "2024-05-15 01:48:57 +0000"
    },
    "done": true
  },
  "minecraft:husbandry/balanced_diet": {
    "criteria": {
      "porkchop": "2024-05-15 01:54:38 +0000",
      "cooked_chicken": "2024-05-15 03:13:50 +0000",
      "apple": "2024-05-15 01:55:51 +0000",
      "bread": "2024-05-15 02:01:54 +0000",
      "golden_apple": "2024-05-15 03:35:18 +0000"
    },
    "done": false
  },
  "tombstone:recipes/from_grave_key": {
    "criteria": {
      "has_ingredient": "2024-05-15 02:35:00 +0000"
    },
    "done": true
  },
  "idas:tinkers_workshop": {
    "criteria": {
      "in_tinkers_workshop": "2024-05-15 02:42:01 +0000"
    },
    "done": true
  },
  "tombstone:adventure/teleport_to_grave": {
    "criteria": {
      "coded_trigger": "2024-05-15 03:33:14 +0000"
    },
    "done": true
  },
  "parcool:grant_parcool_guide": {
    "criteria": {
      "tick": "2024-05-15 01:48:57 +0000"
    },
    "done": true
  },
  "biomesoplenty:biomesoplenty/root": {
    "criteria": {
      "mediterranean_forest": "2024-05-15 01:48:57 +0000"
    },
    "done": true
  },
  "minecraft:adventure/voluntary_exile": {
    "criteria": {
      "voluntary_exile": "2024-05-15 02:16:55 +0000"
    },
    "done": true
  },
  "alexsmobs:alexsmobs/rocky_roller": {
    "criteria": {
      "killed_by": "2024-05-15 02:49:40 +0000"
    },
    "done": true
  },
  "create:root": {
    "criteria": {
      "0": "2024-05-15 01:48:57 +0000"
    },
    "done": true
  },
  "minecraft:story/iron_tools": {
    "criteria": {
      "iron_pickaxe": "2024-05-15 01:56:07 +0000"
    },
    "done": true
  },
  "tombstone:adventure/first_knowledge": {
    "criteria": {
      "coded_trigger": "2024-05-15 02:16:27 +0000"
    },
    "done": true
  },
  "minecraft:story/mine_diamond": {
    "criteria": {
      "diamond": "2024-05-15 02:26:15 +0000"
    },
    "done": true
  },
  "tombstone:adventure/first_grave": {
    "criteria": {
      "coded_trigger": "2024-05-15 02:34:56 +0000"
    },
    "done": true
  },
  "minecraft:story/root": {
    "criteria": {
      "crafting_table": "2024-05-15 03:33:03 +0000"
    },
    "done": true
  },
  "byg:biomepedia_gift": {
    "criteria": {
      "tick": "2024-05-15 01:48:57 +0000"
    },
    "done": true
  },
  "supplementaries:adventure/way_sign": {
    "criteria": {
      "way_sign": "2024-05-15 01:54:51 +0000"
    },
    "done": true
  },
  "minecraft:story/smelt_iron": {
    "criteria": {
      "iron": "2024-05-15 02:11:03 +0000"
    },
    "done": true
  },
  "paraglider:root": {
    "criteria": {
      "crafting_table": "2024-05-15 03:33:03 +0000"
    },
    "done": true
  },
  "majruszsdifficulty:progressive_difficulty/bleeding": {
    "criteria": {
      "bleeding_applied": "2024-05-15 01:49:19 +0000"
    },
    "done": true
  },
  "tombstone:adventure/ambush": {
    "criteria": {
      "coded_trigger": "2024-05-15 02:16:27 +0000"
    },
    "done": true
  },
  "DataVersion": 2975
}